{"cameraMode":{"drawMode":0,"name":"Shaded","section":"Shading Mode"},"sceneLighting":false,"audioPlay":false,"sceneViewState":{"showFog":true,"showMaterialUpdate":false,"showSkybox":false,"showFlares":true,"showImageEffects":true,"showParticleSystems":true},"in2DMode":false,"pivot":{"x":472.7449951171875,"y":395.95001220703127,"z":0.125},"rotation":{"x":-0.09281501919031143,"y":-0.8684374094009399,"z":0.1777578592300415,"w":-0.4534471333026886},"size":2036.4671630859375,"orthographic":false}