{"cameraMode":{"drawMode":0,"name":"Shaded","section":"Shading Mode"},"sceneLighting":false,"audioPlay":false,"sceneViewState":{"showFog":true,"showMaterialUpdate":false,"showSkybox":false,"showFlares":true,"showImageEffects":true,"showParticleSystems":true},"in2DMode":false,"pivot":{"x":-4.8420634269714359,"y":0.9991517066955566,"z":-8.631330490112305},"rotation":{"x":0.02609938569366932,"y":-0.25507280230522158,"z":0.006904191337525845,"w":0.9665611386299133},"size":17.76841163635254,"orthographic":false}