{"cameraMode":{"drawMode":0,"name":"Shaded","section":"Shading Mode"},"sceneLighting":true,"audioPlay":false,"sceneViewState":{"showFog":true,"showMaterialUpdate":false,"showSkybox":true,"showFlares":true,"showImageEffects":true,"showParticleSystems":true},"in2DMode":false,"pivot":{"x":-5.292620658874512,"y":-0.5506844520568848,"z":6.997308731079102},"rotation":{"x":-0.029846036806702615,"y":0.10091257095336914,"z":-0.002998876851052046,"w":-0.9944543242454529},"size":19.93837547302246,"orthographic":false}