{"cameraMode":{"drawMode":0,"name":"Shaded","section":"Shading Mode"},"sceneLighting":false,"audioPlay":false,"sceneViewState":{"showFog":true,"showMaterialUpdate":false,"showSkybox":false,"showFlares":true,"showImageEffects":true,"showParticleSystems":true},"in2DMode":false,"pivot":{"x":7.630001068115234,"y":0.8045001029968262,"z":-5.529000282287598},"rotation":{"x":-0.12344344705343247,"y":-0.04729021340608597,"z":0.0059027299284935,"w":-0.9912145137786865},"size":3.008357048034668,"orthographic":false}