{"cameraMode":{"drawMode":0,"name":"Shaded","section":"Shading Mode"},"sceneLighting":false,"audioPlay":false,"sceneViewState":{"showFog":true,"showMaterialUpdate":false,"showSkybox":false,"showFlares":true,"showImageEffects":true,"showParticleSystems":true},"in2DMode":false,"pivot":{"x":-192.27037048339845,"y":142.20042419433595,"z":-255.9365997314453},"rotation":{"x":0.0031998329795897009,"y":-0.9574759006500244,"z":0.01062846090644598,"w":0.2883114814758301},"size":331.6459045410156,"orthographic":false}