{"cameraMode":{"drawMode":0,"name":"Shaded","section":"Shading Mode"},"sceneLighting":false,"audioPlay":false,"sceneViewState":{"showFog":true,"showMaterialUpdate":false,"showSkybox":false,"showFlares":true,"showImageEffects":true,"showParticleSystems":true},"in2DMode":false,"pivot":{"x":7.630000591278076,"y":1.2573801279067994,"z":-5.180002212524414},"rotation":{"x":-0.043699268251657489,"y":0.9884958267211914,"z":-0.027593107894062997,"w":-0.14225055277347566},"size":2.967844009399414,"orthographic":true}