{"cameraMode":{"drawMode":0,"name":"Shaded","section":"Shading Mode"},"sceneLighting":true,"audioPlay":false,"sceneViewState":{"showFog":true,"showMaterialUpdate":true,"showSkybox":true,"showFlares":true,"showImageEffects":true,"showParticleSystems":true},"in2DMode":false,"pivot":{"x":-3.3930885791778566,"y":-2.0681285858154299,"z":-1.0422717332839966},"rotation":{"x":-0.15607669949531556,"y":0.04831024259328842,"z":-0.0076407697051763538,"w":-0.9865642189979553},"size":12.551525115966797,"orthographic":false}