{"cameraMode":{"drawMode":0,"name":"Shaded","section":"Shading Mode"},"sceneLighting":false,"audioPlay":false,"sceneViewState":{"showFog":true,"showMaterialUpdate":true,"showSkybox":false,"showFlares":true,"showImageEffects":true,"showParticleSystems":true},"in2DMode":false,"pivot":{"x":2.9802322387695315e-8,"y":0.612500011920929,"z":0.125},"rotation":{"x":-0.2968045473098755,"y":0.11513429135084152,"z":-0.03594955429434776,"w":-0.9473515748977661},"size":3.5709922313690187,"orthographic":false}